{"cameraMode":{"drawMode":0,"name":"Shaded","section":"Shading Mode"},"sceneLighting":true,"audioPlay":false,"sceneViewState":{"m_AlwaysRefresh":false,"showFog":true,"showSkybox":true,"showFlares":true,"showImageEffects":true,"showParticleSystems":true,"showVisualEffectGraphs":true,"m_FxEnabled":true},"in2DMode":false,"pivot":{"x":1.0959057807922364,"y":0.18700142204761506,"z":-0.6275293231010437},"rotation":{"x":0.03660508245229721,"y":0.9094168543815613,"z":-0.08208921551704407,"w":0.40612098574638369},"size":0.9846093654632568,"orthographic":false}