{"cameraMode":{"drawMode":0,"name":"Shaded","section":"Shading Mode"},"sceneLighting":false,"audioPlay":false,"sceneViewState":{"m_AlwaysRefresh":false,"showFog":true,"showSkybox":false,"showFlares":true,"showImageEffects":true,"showParticleSystems":true,"showVisualEffectGraphs":true,"m_FxEnabled":true},"in2DMode":false,"pivot":{"x":-0.6318873763084412,"y":1.003988265991211,"z":0.0013888448011130095},"rotation":{"x":-0.007904015481472016,"y":0.8105968832969666,"z":-0.010943654924631119,"w":-0.5854494571685791},"size":0.5391192436218262,"orthographic":false}