{"cameraMode":{"drawMode":0,"name":"Shaded","section":"Shading Mode"},"sceneLighting":false,"audioPlay":false,"sceneViewState":{"m_AlwaysRefresh":false,"showFog":false,"showSkybox":false,"showFlares":false,"showImageEffects":false,"showParticleSystems":false,"showVisualEffectGraphs":true,"m_FxEnabled":true},"in2DMode":false,"pivot":{"x":-0.003833165392279625,"y":0.7981043457984924,"z":0.23077070713043214},"rotation":{"x":0.011872442439198494,"y":-0.8492125868797302,"z":0.01911046914756298,"w":0.5275731682777405},"size":0.25850361585617068,"orthographic":false}