{"cameraMode":{"drawMode":0,"name":"Shaded","section":"Shading Mode"},"sceneLighting":true,"audioPlay":false,"sceneViewState":{"m_AlwaysRefresh":false,"showFog":true,"showSkybox":true,"showFlares":true,"showImageEffects":true,"showParticleSystems":true,"showVisualEffectGraphs":true,"m_FxEnabled":true},"in2DMode":false,"pivot":{"x":-0.5102576017379761,"y":1.1204278469085694,"z":-1.327276349067688},"rotation":{"x":-0.003277143696323037,"y":0.9806779026985169,"z":-0.016486408188939096,"w":-0.19491565227508546},"size":1.0419470071792603,"orthographic":false}